tensor,file,first_row,rows,cols,ndim,storage
bert.embeddings.LayerNorm.bias,weights/bert.embeddings.LayerNorm.bias.csv,0,1,768,1,float
bert.embeddings.LayerNorm.weight,weights/bert.embeddings.LayerNorm.weight.csv,0,1,768,1,float
bert.embeddings.position_embeddings.weight,weights/bert.embeddings.position_embeddings.weight.csv,0,512,768,2,int8
bert.embeddings.token_type_embeddings.weight,weights/bert.embeddings.token_type_embeddings.weight.csv,0,2,768,2,int8
bert.embeddings.word_embeddings.weight,weights/bert.embeddings.word_embeddings.weight.part00.csv,0,5556,768,2,int8
bert.embeddings.word_embeddings.weight,weights/bert.embeddings.word_embeddings.weight.part01.csv,5556,5555,768,2,int8
bert.embeddings.word_embeddings.weight,weights/bert.embeddings.word_embeddings.weight.part02.csv,11111,5565,768,2,int8
bert.embeddings.word_embeddings.weight,weights/bert.embeddings.word_embeddings.weight.part03.csv,16676,5560,768,2,int8
bert.embeddings.word_embeddings.weight,weights/bert.embeddings.word_embeddings.weight.part04.csv,22236,5558,768,2,int8
bert.embeddings.word_embeddings.weight,weights/bert.embeddings.word_embeddings.weight.part05.csv,27794,5556,768,2,int8
bert.embeddings.word_embeddings.weight,weights/bert.embeddings.word_embeddings.weight.part06.csv,33350,5555,768,2,int8
bert.embeddings.word_embeddings.weight,weights/bert.embeddings.word_embeddings.weight.part07.csv,38905,5554,768,2,int8
bert.embeddings.word_embeddings.weight,weights/bert.embeddings.word_embeddings.weight.part08.csv,44459,5553,768,2,int8
bert.embeddings.word_embeddings.weight,weights/bert.embeddings.word_embeddings.weight.part09.csv,50012,5552,768,2,int8
bert.embeddings.word_embeddings.weight,weights/bert.embeddings.word_embeddings.weight.part10.csv,55564,5551,768,2,int8
bert.embeddings.word_embeddings.weight,weights/bert.embeddings.word_embeddings.weight.part11.csv,61115,5551,768,2,int8
bert.embeddings.word_embeddings.weight,weights/bert.embeddings.word_embeddings.weight.part12.csv,66666,5550,768,2,int8
bert.embeddings.word_embeddings.weight,weights/bert.embeddings.word_embeddings.weight.part13.csv,72216,5549,768,2,int8
bert.embeddings.word_embeddings.weight,weights/bert.embeddings.word_embeddings.weight.part14.csv,77765,5549,768,2,int8
bert.embeddings.word_embeddings.weight,weights/bert.embeddings.word_embeddings.weight.part15.csv,83314,5548,768,2,int8
bert.embeddings.word_embeddings.weight,weights/bert.embeddings.word_embeddings.weight.part16.csv,88862,5548,768,2,int8
bert.embeddings.word_embeddings.weight,weights/bert.embeddings.word_embeddings.weight.part17.csv,94410,5548,768,2,int8
bert.embeddings.word_embeddings.weight,weights/bert.embeddings.word_embeddings.weight.part18.csv,99958,5547,768,2,int8
bert.embeddings.word_embeddings.weight,weights/bert.embeddings.word_embeddings.weight.part19.csv,105505,5547,768,2,int8
bert.embeddings.word_embeddings.weight,weights/bert.embeddings.word_embeddings.weight.part20.csv,111052,5561,768,2,int8
bert.embeddings.word_embeddings.weight,weights/bert.embeddings.word_embeddings.weight.part21.csv,116613,3034,768,2,int8
bert.encoder.layer.0.attention.output.LayerNorm.bias,weights/bert.encoder.layer.0.attention.output.LayerNorm.bias.csv,0,1,768,1,float
bert.encoder.layer.0.attention.output.LayerNorm.weight,weights/bert.encoder.layer.0.attention.output.LayerNorm.weight.csv,0,1,768,1,float
bert.encoder.layer.0.attention.output.dense.bias,weights/bert.encoder.layer.0.attention.output.dense.bias.csv,0,1,768,1,float
bert.encoder.layer.0.attention.output.dense.weight,weights/bert.encoder.layer.0.attention.output.dense.weight.csv,0,768,768,2,int8
bert.encoder.layer.0.attention.self.key.bias,weights/bert.encoder.layer.0.attention.self.key.bias.csv,0,1,768,1,float
bert.encoder.layer.0.attention.self.key.weight,weights/bert.encoder.layer.0.attention.self.key.weight.csv,0,768,768,2,int8
bert.encoder.layer.0.attention.self.query.bias,weights/bert.encoder.layer.0.attention.self.query.bias.csv,0,1,768,1,float
bert.encoder.layer.0.attention.self.query.weight,weights/bert.encoder.layer.0.attention.self.query.weight.csv,0,768,768,2,int8
bert.encoder.layer.0.attention.self.value.bias,weights/bert.encoder.layer.0.attention.self.value.bias.csv,0,1,768,1,float
bert.encoder.layer.0.attention.self.value.weight,weights/bert.encoder.layer.0.attention.self.value.weight.csv,0,768,768,2,int8
bert.encoder.layer.0.intermediate.dense.bias,weights/bert.encoder.layer.0.intermediate.dense.bias.csv,0,1,3072,1,float
bert.encoder.layer.0.intermediate.dense.weight,weights/bert.encoder.layer.0.intermediate.dense.weight.csv,0,3072,768,2,int8
bert.encoder.layer.0.output.LayerNorm.bias,weights/bert.encoder.layer.0.output.LayerNorm.bias.csv,0,1,768,1,float
bert.encoder.layer.0.output.LayerNorm.weight,weights/bert.encoder.layer.0.output.LayerNorm.weight.csv,0,1,768,1,float
bert.encoder.layer.0.output.dense.bias,weights/bert.encoder.layer.0.output.dense.bias.csv,0,1,768,1,float
bert.encoder.layer.0.output.dense.weight,weights/bert.encoder.layer.0.output.dense.weight.csv,0,768,3072,2,int8
bert.encoder.layer.1.attention.output.LayerNorm.bias,weights/bert.encoder.layer.1.attention.output.LayerNorm.bias.csv,0,1,768,1,float
bert.encoder.layer.1.attention.output.LayerNorm.weight,weights/bert.encoder.layer.1.attention.output.LayerNorm.weight.csv,0,1,768,1,float
bert.encoder.layer.1.attention.output.dense.bias,weights/bert.encoder.layer.1.attention.output.dense.bias.csv,0,1,768,1,float
bert.encoder.layer.1.attention.output.dense.weight,weights/bert.encoder.layer.1.attention.output.dense.weight.csv,0,768,768,2,int8
bert.encoder.layer.1.attention.self.key.bias,weights/bert.encoder.layer.1.attention.self.key.bias.csv,0,1,768,1,float
bert.encoder.layer.1.attention.self.key.weight,weights/bert.encoder.layer.1.attention.self.key.weight.csv,0,768,768,2,int8
bert.encoder.layer.1.attention.self.query.bias,weights/bert.encoder.layer.1.attention.self.query.bias.csv,0,1,768,1,float
bert.encoder.layer.1.attention.self.query.weight,weights/bert.encoder.layer.1.attention.self.query.weight.csv,0,768,768,2,int8
bert.encoder.layer.1.attention.self.value.bias,weights/bert.encoder.layer.1.attention.self.value.bias.csv,0,1,768,1,float
bert.encoder.layer.1.attention.self.value.weight,weights/bert.encoder.layer.1.attention.self.value.weight.csv,0,768,768,2,int8
bert.encoder.layer.1.intermediate.dense.bias,weights/bert.encoder.layer.1.intermediate.dense.bias.csv,0,1,3072,1,float
bert.encoder.layer.1.intermediate.dense.weight,weights/bert.encoder.layer.1.intermediate.dense.weight.csv,0,3072,768,2,int8
bert.encoder.layer.1.output.LayerNorm.bias,weights/bert.encoder.layer.1.output.LayerNorm.bias.csv,0,1,768,1,float
bert.encoder.layer.1.output.LayerNorm.weight,weights/bert.encoder.layer.1.output.LayerNorm.weight.csv,0,1,768,1,float
bert.encoder.layer.1.output.dense.bias,weights/bert.encoder.layer.1.output.dense.bias.csv,0,1,768,1,float
bert.encoder.layer.1.output.dense.weight,weights/bert.encoder.layer.1.output.dense.weight.csv,0,768,3072,2,int8
bert.encoder.layer.10.attention.output.LayerNorm.bias,weights/bert.encoder.layer.10.attention.output.LayerNorm.bias.csv,0,1,768,1,float
bert.encoder.layer.10.attention.output.LayerNorm.weight,weights/bert.encoder.layer.10.attention.output.LayerNorm.weight.csv,0,1,768,1,float
bert.encoder.layer.10.attention.output.dense.bias,weights/bert.encoder.layer.10.attention.output.dense.bias.csv,0,1,768,1,float
bert.encoder.layer.10.attention.output.dense.weight,weights/bert.encoder.layer.10.attention.output.dense.weight.csv,0,768,768,2,int8
bert.encoder.layer.10.attention.self.key.bias,weights/bert.encoder.layer.10.attention.self.key.bias.csv,0,1,768,1,float
bert.encoder.layer.10.attention.self.key.weight,weights/bert.encoder.layer.10.attention.self.key.weight.csv,0,768,768,2,int8
bert.encoder.layer.10.attention.self.query.bias,weights/bert.encoder.layer.10.attention.self.query.bias.csv,0,1,768,1,float
bert.encoder.layer.10.attention.self.query.weight,weights/bert.encoder.layer.10.attention.self.query.weight.csv,0,768,768,2,int8
bert.encoder.layer.10.attention.self.value.bias,weights/bert.encoder.layer.10.attention.self.value.bias.csv,0,1,768,1,float
bert.encoder.layer.10.attention.self.value.weight,weights/bert.encoder.layer.10.attention.self.value.weight.csv,0,768,768,2,int8
bert.encoder.layer.10.intermediate.dense.bias,weights/bert.encoder.layer.10.intermediate.dense.bias.csv,0,1,3072,1,float
bert.encoder.layer.10.intermediate.dense.weight,weights/bert.encoder.layer.10.intermediate.dense.weight.csv,0,3072,768,2,int8
bert.encoder.layer.10.output.LayerNorm.bias,weights/bert.encoder.layer.10.output.LayerNorm.bias.csv,0,1,768,1,float
bert.encoder.layer.10.output.LayerNorm.weight,weights/bert.encoder.layer.10.output.LayerNorm.weight.csv,0,1,768,1,float
bert.encoder.layer.10.output.dense.bias,weights/bert.encoder.layer.10.output.dense.bias.csv,0,1,768,1,float
bert.encoder.layer.10.output.dense.weight,weights/bert.encoder.layer.10.output.dense.weight.csv,0,768,3072,2,int8
bert.encoder.layer.11.attention.output.LayerNorm.bias,weights/bert.encoder.layer.11.attention.output.LayerNorm.bias.csv,0,1,768,1,float
bert.encoder.layer.11.attention.output.LayerNorm.weight,weights/bert.encoder.layer.11.attention.output.LayerNorm.weight.csv,0,1,768,1,float
bert.encoder.layer.11.attention.output.dense.bias,weights/bert.encoder.layer.11.attention.output.dense.bias.csv,0,1,768,1,float
bert.encoder.layer.11.attention.output.dense.weight,weights/bert.encoder.layer.11.attention.output.dense.weight.csv,0,768,768,2,int8
bert.encoder.layer.11.attention.self.key.bias,weights/bert.encoder.layer.11.attention.self.key.bias.csv,0,1,768,1,float
bert.encoder.layer.11.attention.self.key.weight,weights/bert.encoder.layer.11.attention.self.key.weight.csv,0,768,768,2,int8
bert.encoder.layer.11.attention.self.query.bias,weights/bert.encoder.layer.11.attention.self.query.bias.csv,0,1,768,1,float
bert.encoder.layer.11.attention.self.query.weight,weights/bert.encoder.layer.11.attention.self.query.weight.csv,0,768,768,2,int8
bert.encoder.layer.11.attention.self.value.bias,weights/bert.encoder.layer.11.attention.self.value.bias.csv,0,1,768,1,float
bert.encoder.layer.11.attention.self.value.weight,weights/bert.encoder.layer.11.attention.self.value.weight.csv,0,768,768,2,int8
bert.encoder.layer.11.intermediate.dense.bias,weights/bert.encoder.layer.11.intermediate.dense.bias.csv,0,1,3072,1,float
bert.encoder.layer.11.intermediate.dense.weight,weights/bert.encoder.layer.11.intermediate.dense.weight.csv,0,3072,768,2,int8
bert.encoder.layer.11.output.LayerNorm.bias,weights/bert.encoder.layer.11.output.LayerNorm.bias.csv,0,1,768,1,float
bert.encoder.layer.11.output.LayerNorm.weight,weights/bert.encoder.layer.11.output.LayerNorm.weight.csv,0,1,768,1,float
bert.encoder.layer.11.output.dense.bias,weights/bert.encoder.layer.11.output.dense.bias.csv,0,1,768,1,float
bert.encoder.layer.11.output.dense.weight,weights/bert.encoder.layer.11.output.dense.weight.csv,0,768,3072,2,int8
bert.encoder.layer.2.attention.output.LayerNorm.bias,weights/bert.encoder.layer.2.attention.output.LayerNorm.bias.csv,0,1,768,1,float
bert.encoder.layer.2.attention.output.LayerNorm.weight,weights/bert.encoder.layer.2.attention.output.LayerNorm.weight.csv,0,1,768,1,float
bert.encoder.layer.2.attention.output.dense.bias,weights/bert.encoder.layer.2.attention.output.dense.bias.csv,0,1,768,1,float
bert.encoder.layer.2.attention.output.dense.weight,weights/bert.encoder.layer.2.attention.output.dense.weight.csv,0,768,768,2,int8
bert.encoder.layer.2.attention.self.key.bias,weights/bert.encoder.layer.2.attention.self.key.bias.csv,0,1,768,1,float
bert.encoder.layer.2.attention.self.key.weight,weights/bert.encoder.layer.2.attention.self.key.weight.csv,0,768,768,2,int8
bert.encoder.layer.2.attention.self.query.bias,weights/bert.encoder.layer.2.attention.self.query.bias.csv,0,1,768,1,float
bert.encoder.layer.2.attention.self.query.weight,weights/bert.encoder.layer.2.attention.self.query.weight.csv,0,768,768,2,int8
bert.encoder.layer.2.attention.self.value.bias,weights/bert.encoder.layer.2.attention.self.value.bias.csv,0,1,768,1,float
bert.encoder.layer.2.attention.self.value.weight,weights/bert.encoder.layer.2.attention.self.value.weight.csv,0,768,768,2,int8
bert.encoder.layer.2.intermediate.dense.bias,weights/bert.encoder.layer.2.intermediate.dense.bias.csv,0,1,3072,1,float
bert.encoder.layer.2.intermediate.dense.weight,weights/bert.encoder.layer.2.intermediate.dense.weight.csv,0,3072,768,2,int8
bert.encoder.layer.2.output.LayerNorm.bias,weights/bert.encoder.layer.2.output.LayerNorm.bias.csv,0,1,768,1,float
bert.encoder.layer.2.output.LayerNorm.weight,weights/bert.encoder.layer.2.output.LayerNorm.weight.csv,0,1,768,1,float
bert.encoder.layer.2.output.dense.bias,weights/bert.encoder.layer.2.output.dense.bias.csv,0,1,768,1,float
bert.encoder.layer.2.output.dense.weight,weights/bert.encoder.layer.2.output.dense.weight.csv,0,768,3072,2,int8
bert.encoder.layer.3.attention.output.LayerNorm.bias,weights/bert.encoder.layer.3.attention.output.LayerNorm.bias.csv,0,1,768,1,float
bert.encoder.layer.3.attention.output.LayerNorm.weight,weights/bert.encoder.layer.3.attention.output.LayerNorm.weight.csv,0,1,768,1,float
bert.encoder.layer.3.attention.output.dense.bias,weights/bert.encoder.layer.3.attention.output.dense.bias.csv,0,1,768,1,float
bert.encoder.layer.3.attention.output.dense.weight,weights/bert.encoder.layer.3.attention.output.dense.weight.csv,0,768,768,2,int8
bert.encoder.layer.3.attention.self.key.bias,weights/bert.encoder.layer.3.attention.self.key.bias.csv,0,1,768,1,float
bert.encoder.layer.3.attention.self.key.weight,weights/bert.encoder.layer.3.attention.self.key.weight.csv,0,768,768,2,int8
bert.encoder.layer.3.attention.self.query.bias,weights/bert.encoder.layer.3.attention.self.query.bias.csv,0,1,768,1,float
bert.encoder.layer.3.attention.self.query.weight,weights/bert.encoder.layer.3.attention.self.query.weight.csv,0,768,768,2,int8
bert.encoder.layer.3.attention.self.value.bias,weights/bert.encoder.layer.3.attention.self.value.bias.csv,0,1,768,1,float
bert.encoder.layer.3.attention.self.value.weight,weights/bert.encoder.layer.3.attention.self.value.weight.csv,0,768,768,2,int8
bert.encoder.layer.3.intermediate.dense.bias,weights/bert.encoder.layer.3.intermediate.dense.bias.csv,0,1,3072,1,float
bert.encoder.layer.3.intermediate.dense.weight,weights/bert.encoder.layer.3.intermediate.dense.weight.csv,0,3072,768,2,int8
bert.encoder.layer.3.output.LayerNorm.bias,weights/bert.encoder.layer.3.output.LayerNorm.bias.csv,0,1,768,1,float
bert.encoder.layer.3.output.LayerNorm.weight,weights/bert.encoder.layer.3.output.LayerNorm.weight.csv,0,1,768,1,float
bert.encoder.layer.3.output.dense.bias,weights/bert.encoder.layer.3.output.dense.bias.csv,0,1,768,1,float
bert.encoder.layer.3.output.dense.weight,weights/bert.encoder.layer.3.output.dense.weight.csv,0,768,3072,2,int8
bert.encoder.layer.4.attention.output.LayerNorm.bias,weights/bert.encoder.layer.4.attention.output.LayerNorm.bias.csv,0,1,768,1,float
bert.encoder.layer.4.attention.output.LayerNorm.weight,weights/bert.encoder.layer.4.attention.output.LayerNorm.weight.csv,0,1,768,1,float
bert.encoder.layer.4.attention.output.dense.bias,weights/bert.encoder.layer.4.attention.output.dense.bias.csv,0,1,768,1,float
bert.encoder.layer.4.attention.output.dense.weight,weights/bert.encoder.layer.4.attention.output.dense.weight.csv,0,768,768,2,int8
bert.encoder.layer.4.attention.self.key.bias,weights/bert.encoder.layer.4.attention.self.key.bias.csv,0,1,768,1,float
bert.encoder.layer.4.attention.self.key.weight,weights/bert.encoder.layer.4.attention.self.key.weight.csv,0,768,768,2,int8
bert.encoder.layer.4.attention.self.query.bias,weights/bert.encoder.layer.4.attention.self.query.bias.csv,0,1,768,1,float
bert.encoder.layer.4.attention.self.query.weight,weights/bert.encoder.layer.4.attention.self.query.weight.csv,0,768,768,2,int8
bert.encoder.layer.4.attention.self.value.bias,weights/bert.encoder.layer.4.attention.self.value.bias.csv,0,1,768,1,float
bert.encoder.layer.4.attention.self.value.weight,weights/bert.encoder.layer.4.attention.self.value.weight.csv,0,768,768,2,int8
bert.encoder.layer.4.intermediate.dense.bias,weights/bert.encoder.layer.4.intermediate.dense.bias.csv,0,1,3072,1,float
bert.encoder.layer.4.intermediate.dense.weight,weights/bert.encoder.layer.4.intermediate.dense.weight.csv,0,3072,768,2,int8
bert.encoder.layer.4.output.LayerNorm.bias,weights/bert.encoder.layer.4.output.LayerNorm.bias.csv,0,1,768,1,float
bert.encoder.layer.4.output.LayerNorm.weight,weights/bert.encoder.layer.4.output.LayerNorm.weight.csv,0,1,768,1,float
bert.encoder.layer.4.output.dense.bias,weights/bert.encoder.layer.4.output.dense.bias.csv,0,1,768,1,float
bert.encoder.layer.4.output.dense.weight,weights/bert.encoder.layer.4.output.dense.weight.csv,0,768,3072,2,int8
bert.encoder.layer.5.attention.output.LayerNorm.bias,weights/bert.encoder.layer.5.attention.output.LayerNorm.bias.csv,0,1,768,1,float
bert.encoder.layer.5.attention.output.LayerNorm.weight,weights/bert.encoder.layer.5.attention.output.LayerNorm.weight.csv,0,1,768,1,float
bert.encoder.layer.5.attention.output.dense.bias,weights/bert.encoder.layer.5.attention.output.dense.bias.csv,0,1,768,1,float
bert.encoder.layer.5.attention.output.dense.weight,weights/bert.encoder.layer.5.attention.output.dense.weight.csv,0,768,768,2,int8
bert.encoder.layer.5.attention.self.key.bias,weights/bert.encoder.layer.5.attention.self.key.bias.csv,0,1,768,1,float
bert.encoder.layer.5.attention.self.key.weight,weights/bert.encoder.layer.5.attention.self.key.weight.csv,0,768,768,2,int8
bert.encoder.layer.5.attention.self.query.bias,weights/bert.encoder.layer.5.attention.self.query.bias.csv,0,1,768,1,float
bert.encoder.layer.5.attention.self.query.weight,weights/bert.encoder.layer.5.attention.self.query.weight.csv,0,768,768,2,int8
bert.encoder.layer.5.attention.self.value.bias,weights/bert.encoder.layer.5.attention.self.value.bias.csv,0,1,768,1,float
bert.encoder.layer.5.attention.self.value.weight,weights/bert.encoder.layer.5.attention.self.value.weight.csv,0,768,768,2,int8
bert.encoder.layer.5.intermediate.dense.bias,weights/bert.encoder.layer.5.intermediate.dense.bias.csv,0,1,3072,1,float
bert.encoder.layer.5.intermediate.dense.weight,weights/bert.encoder.layer.5.intermediate.dense.weight.csv,0,3072,768,2,int8
bert.encoder.layer.5.output.LayerNorm.bias,weights/bert.encoder.layer.5.output.LayerNorm.bias.csv,0,1,768,1,float
bert.encoder.layer.5.output.LayerNorm.weight,weights/bert.encoder.layer.5.output.LayerNorm.weight.csv,0,1,768,1,float
bert.encoder.layer.5.output.dense.bias,weights/bert.encoder.layer.5.output.dense.bias.csv,0,1,768,1,float
bert.encoder.layer.5.output.dense.weight,weights/bert.encoder.layer.5.output.dense.weight.csv,0,768,3072,2,int8
bert.encoder.layer.6.attention.output.LayerNorm.bias,weights/bert.encoder.layer.6.attention.output.LayerNorm.bias.csv,0,1,768,1,float
bert.encoder.layer.6.attention.output.LayerNorm.weight,weights/bert.encoder.layer.6.attention.output.LayerNorm.weight.csv,0,1,768,1,float
bert.encoder.layer.6.attention.output.dense.bias,weights/bert.encoder.layer.6.attention.output.dense.bias.csv,0,1,768,1,float
bert.encoder.layer.6.attention.output.dense.weight,weights/bert.encoder.layer.6.attention.output.dense.weight.csv,0,768,768,2,int8
bert.encoder.layer.6.attention.self.key.bias,weights/bert.encoder.layer.6.attention.self.key.bias.csv,0,1,768,1,float
bert.encoder.layer.6.attention.self.key.weight,weights/bert.encoder.layer.6.attention.self.key.weight.csv,0,768,768,2,int8
bert.encoder.layer.6.attention.self.query.bias,weights/bert.encoder.layer.6.attention.self.query.bias.csv,0,1,768,1,float
bert.encoder.layer.6.attention.self.query.weight,weights/bert.encoder.layer.6.attention.self.query.weight.csv,0,768,768,2,int8
bert.encoder.layer.6.attention.self.value.bias,weights/bert.encoder.layer.6.attention.self.value.bias.csv,0,1,768,1,float
bert.encoder.layer.6.attention.self.value.weight,weights/bert.encoder.layer.6.attention.self.value.weight.csv,0,768,768,2,int8
bert.encoder.layer.6.intermediate.dense.bias,weights/bert.encoder.layer.6.intermediate.dense.bias.csv,0,1,3072,1,float
bert.encoder.layer.6.intermediate.dense.weight,weights/bert.encoder.layer.6.intermediate.dense.weight.csv,0,3072,768,2,int8
bert.encoder.layer.6.output.LayerNorm.bias,weights/bert.encoder.layer.6.output.LayerNorm.bias.csv,0,1,768,1,float
bert.encoder.layer.6.output.LayerNorm.weight,weights/bert.encoder.layer.6.output.LayerNorm.weight.csv,0,1,768,1,float
bert.encoder.layer.6.output.dense.bias,weights/bert.encoder.layer.6.output.dense.bias.csv,0,1,768,1,float
bert.encoder.layer.6.output.dense.weight,weights/bert.encoder.layer.6.output.dense.weight.csv,0,768,3072,2,int8
bert.encoder.layer.7.attention.output.LayerNorm.bias,weights/bert.encoder.layer.7.attention.output.LayerNorm.bias.csv,0,1,768,1,float
bert.encoder.layer.7.attention.output.LayerNorm.weight,weights/bert.encoder.layer.7.attention.output.LayerNorm.weight.csv,0,1,768,1,float
bert.encoder.layer.7.attention.output.dense.bias,weights/bert.encoder.layer.7.attention.output.dense.bias.csv,0,1,768,1,float
bert.encoder.layer.7.attention.output.dense.weight,weights/bert.encoder.layer.7.attention.output.dense.weight.csv,0,768,768,2,int8
bert.encoder.layer.7.attention.self.key.bias,weights/bert.encoder.layer.7.attention.self.key.bias.csv,0,1,768,1,float
bert.encoder.layer.7.attention.self.key.weight,weights/bert.encoder.layer.7.attention.self.key.weight.csv,0,768,768,2,int8
bert.encoder.layer.7.attention.self.query.bias,weights/bert.encoder.layer.7.attention.self.query.bias.csv,0,1,768,1,float
bert.encoder.layer.7.attention.self.query.weight,weights/bert.encoder.layer.7.attention.self.query.weight.csv,0,768,768,2,int8
bert.encoder.layer.7.attention.self.value.bias,weights/bert.encoder.layer.7.attention.self.value.bias.csv,0,1,768,1,float
bert.encoder.layer.7.attention.self.value.weight,weights/bert.encoder.layer.7.attention.self.value.weight.csv,0,768,768,2,int8
bert.encoder.layer.7.intermediate.dense.bias,weights/bert.encoder.layer.7.intermediate.dense.bias.csv,0,1,3072,1,float
bert.encoder.layer.7.intermediate.dense.weight,weights/bert.encoder.layer.7.intermediate.dense.weight.csv,0,3072,768,2,int8
bert.encoder.layer.7.output.LayerNorm.bias,weights/bert.encoder.layer.7.output.LayerNorm.bias.csv,0,1,768,1,float
bert.encoder.layer.7.output.LayerNorm.weight,weights/bert.encoder.layer.7.output.LayerNorm.weight.csv,0,1,768,1,float
bert.encoder.layer.7.output.dense.bias,weights/bert.encoder.layer.7.output.dense.bias.csv,0,1,768,1,float
bert.encoder.layer.7.output.dense.weight,weights/bert.encoder.layer.7.output.dense.weight.csv,0,768,3072,2,int8
bert.encoder.layer.8.attention.output.LayerNorm.bias,weights/bert.encoder.layer.8.attention.output.LayerNorm.bias.csv,0,1,768,1,float
bert.encoder.layer.8.attention.output.LayerNorm.weight,weights/bert.encoder.layer.8.attention.output.LayerNorm.weight.csv,0,1,768,1,float
bert.encoder.layer.8.attention.output.dense.bias,weights/bert.encoder.layer.8.attention.output.dense.bias.csv,0,1,768,1,float
bert.encoder.layer.8.attention.output.dense.weight,weights/bert.encoder.layer.8.attention.output.dense.weight.csv,0,768,768,2,int8
bert.encoder.layer.8.attention.self.key.bias,weights/bert.encoder.layer.8.attention.self.key.bias.csv,0,1,768,1,float
bert.encoder.layer.8.attention.self.key.weight,weights/bert.encoder.layer.8.attention.self.key.weight.csv,0,768,768,2,int8
bert.encoder.layer.8.attention.self.query.bias,weights/bert.encoder.layer.8.attention.self.query.bias.csv,0,1,768,1,float
bert.encoder.layer.8.attention.self.query.weight,weights/bert.encoder.layer.8.attention.self.query.weight.csv,0,768,768,2,int8
bert.encoder.layer.8.attention.self.value.bias,weights/bert.encoder.layer.8.attention.self.value.bias.csv,0,1,768,1,float
bert.encoder.layer.8.attention.self.value.weight,weights/bert.encoder.layer.8.attention.self.value.weight.csv,0,768,768,2,int8
bert.encoder.layer.8.intermediate.dense.bias,weights/bert.encoder.layer.8.intermediate.dense.bias.csv,0,1,3072,1,float
bert.encoder.layer.8.intermediate.dense.weight,weights/bert.encoder.layer.8.intermediate.dense.weight.csv,0,3072,768,2,int8
bert.encoder.layer.8.output.LayerNorm.bias,weights/bert.encoder.layer.8.output.LayerNorm.bias.csv,0,1,768,1,float
bert.encoder.layer.8.output.LayerNorm.weight,weights/bert.encoder.layer.8.output.LayerNorm.weight.csv,0,1,768,1,float
bert.encoder.layer.8.output.dense.bias,weights/bert.encoder.layer.8.output.dense.bias.csv,0,1,768,1,float
bert.encoder.layer.8.output.dense.weight,weights/bert.encoder.layer.8.output.dense.weight.csv,0,768,3072,2,int8
bert.encoder.layer.9.attention.output.LayerNorm.bias,weights/bert.encoder.layer.9.attention.output.LayerNorm.bias.csv,0,1,768,1,float
bert.encoder.layer.9.attention.output.LayerNorm.weight,weights/bert.encoder.layer.9.attention.output.LayerNorm.weight.csv,0,1,768,1,float
bert.encoder.layer.9.attention.output.dense.bias,weights/bert.encoder.layer.9.attention.output.dense.bias.csv,0,1,768,1,float
bert.encoder.layer.9.attention.output.dense.weight,weights/bert.encoder.layer.9.attention.output.dense.weight.csv,0,768,768,2,int8
bert.encoder.layer.9.attention.self.key.bias,weights/bert.encoder.layer.9.attention.self.key.bias.csv,0,1,768,1,float
bert.encoder.layer.9.attention.self.key.weight,weights/bert.encoder.layer.9.attention.self.key.weight.csv,0,768,768,2,int8
bert.encoder.layer.9.attention.self.query.bias,weights/bert.encoder.layer.9.attention.self.query.bias.csv,0,1,768,1,float
bert.encoder.layer.9.attention.self.query.weight,weights/bert.encoder.layer.9.attention.self.query.weight.csv,0,768,768,2,int8
bert.encoder.layer.9.attention.self.value.bias,weights/bert.encoder.layer.9.attention.self.value.bias.csv,0,1,768,1,float
bert.encoder.layer.9.attention.self.value.weight,weights/bert.encoder.layer.9.attention.self.value.weight.csv,0,768,768,2,int8
bert.encoder.layer.9.intermediate.dense.bias,weights/bert.encoder.layer.9.intermediate.dense.bias.csv,0,1,3072,1,float
bert.encoder.layer.9.intermediate.dense.weight,weights/bert.encoder.layer.9.intermediate.dense.weight.csv,0,3072,768,2,int8
bert.encoder.layer.9.output.LayerNorm.bias,weights/bert.encoder.layer.9.output.LayerNorm.bias.csv,0,1,768,1,float
bert.encoder.layer.9.output.LayerNorm.weight,weights/bert.encoder.layer.9.output.LayerNorm.weight.csv,0,1,768,1,float
bert.encoder.layer.9.output.dense.bias,weights/bert.encoder.layer.9.output.dense.bias.csv,0,1,768,1,float
bert.encoder.layer.9.output.dense.weight,weights/bert.encoder.layer.9.output.dense.weight.csv,0,768,3072,2,int8
classifier.bias,weights/classifier.bias.csv,0,1,2,1,float
classifier.weight,weights/classifier.weight.csv,0,2,768,2,float
